A0PJ32	IPR009455	GO:0005739
A0PJ32	IPR009455	GO:0016021
A0PJ32	IPR009455	GO:0016820
A0PJ33	IPR009455	GO:0005739
A0PJ33	IPR009455	GO:0016021
A0PJ33	IPR009455	GO:0016820
A0PJ36	IPR000568	GO:0015078
A0PJ36	IPR000568	GO:0015986
A0PJ36	IPR000568	GO:0045263
A1XJ11	IPR024937	GO:0006397
A2WJR2	IPR003821	GO:0008299
A2WJR2	IPR003821	GO:0030604
A2WJR2	IPR003821	GO:0046872
A2WJR2	IPR003821	GO:0055114
A2WJR2	IPR013512	GO:0055114
A2WJR2	IPR013512	GO:0070402
A2WJR2	IPR013644	GO:0005515
A2WMV2	IPR000092	GO:0008299
A2WW27	IPR004424	GO:0016114
A2WW27	IPR004424	GO:0050515
A2WW27	IPR006204	GO:0005524
A2X5L0	IPR006121	GO:0030001
A2X5L0	IPR006121	GO:0046872
A2X847	IPR000092	GO:0008299
A2XCH9	IPR013626	GO:0010277
A2XCH9	IPR013626	GO:0055114
A2XCH9	IPR017941	GO:0016491
A2XCH9	IPR017941	GO:0051537
A2XCH9	IPR017941	GO:0055114
A2XHX3	IPR003689	GO:0016020
A2XHX3	IPR003689	GO:0030001
A2XHX3	IPR003689	GO:0046873
A2XHX3	IPR003689	GO:0055085
A2XKF1	IPR003689	GO:0016020
A2XKF1	IPR003689	GO:0030001
A2XKF1	IPR003689	GO:0046873
A2XKF1	IPR003689	GO:0055085
A2XKF1	IPR004698	GO:0005385
A2XKF1	IPR004698	GO:0016021
A2XKF1	IPR004698	GO:0071577
A2Y0R2	IPR003689	GO:0016020
A2Y0R2	IPR003689	GO:0030001
A2Y0R2	IPR003689	GO:0046873
A2Y0R2	IPR003689	GO:0055085
A2Y0R2	IPR004698	GO:0005385
A2Y0R2	IPR004698	GO:0016021
A2Y0R2	IPR004698	GO:0071577
A2Y5N5	IPR003689	GO:0016020
A2Y5N5	IPR003689	GO:0030001
A2Y5N5	IPR003689	GO:0046873
A2Y5N5	IPR003689	GO:0055085
A2Y5N5	IPR004698	GO:0005385
A2Y5N5	IPR004698	GO:0016021
A2Y5N5	IPR004698	GO:0071577
A2Y7W1	IPR005835	GO:0009058
A2Y7W1	IPR005835	GO:0016779
A2Y7W1	IPR005836	GO:0005978
A2Y7W1	IPR005836	GO:0008878
A2Y7W1	IPR011831	GO:0005978
A2Y7W1	IPR011831	GO:0008878
A2YI98	IPR013087	GO:0003676
A2YJN8	IPR003689	GO:0016020
A2YJN8	IPR003689	GO:0030001
A2YJN8	IPR003689	GO:0046873
A2YJN8	IPR003689	GO:0055085
A2YJN8	IPR004698	GO:0005385
A2YJN8	IPR004698	GO:0016021
A2YJN8	IPR004698	GO:0071577
A2YN12	IPR000092	GO:0008299
A2YU91	IPR005835	GO:0009058
A2YU91	IPR005835	GO:0016779
A2YU91	IPR005836	GO:0005978
A2YU91	IPR005836	GO:0008878
A2YU91	IPR011831	GO:0005978
A2YU91	IPR011831	GO:0008878
A2YVG3	IPR000308	GO:0019904
A2Z903	IPR003107	GO:0006396
A2Z903	IPR010491	GO:0000398
A2Z903	IPR010491	GO:0005634
A2Z903	IPR011990	GO:0005515
A2Z903	IPR013026	GO:0005515
A2Z903	IPR019734	GO:0005515
A2ZRA2	IPR000092	GO:0008299
A3CDB8	IPR000308	GO:0019904
B6RRX2	IPR001810	GO:0005515
B6RRX4	IPR004181	GO:0008270
C5MRH0	IPR002541	GO:0017004
C5MRH0	IPR002541	GO:0020037
C5MRH2	IPR002541	GO:0017004
C5MRH2	IPR002541	GO:0020037
C5MRI8	IPR002541	GO:0017004
C5MRI8	IPR002541	GO:0020037
C5MRI9	IPR002541	GO:0017004
C5MRI9	IPR002541	GO:0020037
C5MRJ2	IPR001135	GO:0016651
C5MRJ2	IPR001135	GO:0048038
C5MRJ2	IPR001135	GO:0051287
C5MRJ2	IPR001135	GO:0055114
C5MRJ4	IPR001135	GO:0016651
C5MRJ4	IPR001135	GO:0048038
C5MRJ4	IPR001135	GO:0051287
C5MRJ4	IPR001135	GO:0055114
C5MRJ8	IPR001135	GO:0016651
C5MRJ8	IPR001135	GO:0048038
C5MRJ8	IPR001135	GO:0051287
C5MRJ8	IPR001135	GO:0055114
C5MRL2	IPR000484	GO:0009772
C5MRL2	IPR000484	GO:0019684
C5MRL2	IPR000484	GO:0045156
C5MRL4	IPR000484	GO:0009772
C5MRL4	IPR000484	GO:0019684
C5MRL4	IPR000484	GO:0045156
C5MRM9	IPR000484	GO:0009772
C5MRM9	IPR000484	GO:0019684
C5MRM9	IPR000484	GO:0045156
O04723	IPR009455	GO:0005739
O04723	IPR009455	GO:0016021
O04723	IPR009455	GO:0016820
O21786	IPR000568	GO:0015078
O21786	IPR000568	GO:0015986
O21786	IPR000568	GO:0045263
O21799	IPR010934	GO:0008137
O21799	IPR010934	GO:0042773
O21799	IPR010934	GO:0055114
O24435	IPR000719	GO:0004672
O24435	IPR000719	GO:0005524
O24435	IPR000719	GO:0006468
O24435	IPR001245	GO:0004672
O24435	IPR001245	GO:0006468
O24435	IPR001611	GO:0005515
O24435	IPR017441	GO:0005524
O24436	IPR000719	GO:0004672
O24436	IPR000719	GO:0005524
O24436	IPR000719	GO:0006468
O24436	IPR001245	GO:0004672
O24436	IPR001245	GO:0006468
O24436	IPR001611	GO:0005515
O24436	IPR008271	GO:0004672
O24436	IPR008271	GO:0006468
O24436	IPR017441	GO:0005524
O24437	IPR001611	GO:0005515
O47951	IPR009455	GO:0005739
O47951	IPR009455	GO:0016021
O47951	IPR009455	GO:0016820
O48647	IPR002182	GO:0043531
O48647	IPR003656	GO:0003677
O48647	IPR013087	GO:0003676
O48655	IPR000943	GO:0003677
O48655	IPR000943	GO:0003700
O48655	IPR000943	GO:0006352
O48655	IPR000943	GO:0006355
O48655	IPR000943	GO:0016987
O48655	IPR007624	GO:0003677
O48655	IPR007624	GO:0003700
O48655	IPR007624	GO:0006352
O48655	IPR007624	GO:0006355
O48655	IPR007624	GO:0016987
O48655	IPR007627	GO:0003677
O48655	IPR007627	GO:0003700
O48655	IPR007627	GO:0006352
O48655	IPR007627	GO:0006355
O48655	IPR007627	GO:0016987
O48655	IPR007630	GO:0003677
O48655	IPR007630	GO:0003700
O48655	IPR007630	GO:0006352
O48655	IPR007630	GO:0006355
O48655	IPR007630	GO:0016987
O48655	IPR013324	GO:0003677
O48655	IPR013324	GO:0003700
O48655	IPR013324	GO:0006352
O48655	IPR013324	GO:0006355
O48655	IPR013324	GO:0016987
O48655	IPR013325	GO:0003677
O48655	IPR013325	GO:0003700
O48655	IPR013325	GO:0006352
O48655	IPR013325	GO:0006355
O48655	IPR013325	GO:0016987
O48655	IPR014284	GO:0003677
O48655	IPR014284	GO:0003700
O48655	IPR014284	GO:0006352
O48655	IPR014284	GO:0006355
O48655	IPR014284	GO:0016987
O63697	IPR002942	GO:0003723
O82032	IPR000121	GO:0016310
O82032	IPR000121	GO:0016772
O82032	IPR002192	GO:0005524
O82032	IPR002192	GO:0016301
O82032	IPR002192	GO:0016310
O82032	IPR008279	GO:0016310
O82032	IPR008279	GO:0016772
O82032	IPR010121	GO:0006090
O82032	IPR010121	GO:0050242
O82032	IPR013815	GO:0003824
O82032	IPR013815	GO:0005524
O82032	IPR015813	GO:0003824
O82032	IPR018274	GO:0016310
O82032	IPR018274	GO:0016772
O82032	IPR023151	GO:0016772
P92683	IPR002124	GO:0004129
P92683	IPR002124	GO:0005740
P92813	IPR002222	GO:0003735
P92813	IPR002222	GO:0005840
P92813	IPR002222	GO:0006412
P92813	IPR005732	GO:0003735
P92813	IPR005732	GO:0006412
P92813	IPR005732	GO:0015935
P92813	IPR020934	GO:0003723
P92813	IPR023575	GO:0003735
P92813	IPR023575	GO:0005840
P92813	IPR023575	GO:0006412
P93430	IPR005835	GO:0009058
P93430	IPR005835	GO:0016779
P93430	IPR005836	GO:0005978
P93430	IPR005836	GO:0008878
Q01M90	IPR020904	GO:0016491
Q01M92	IPR001128	GO:0005506
Q01M92	IPR001128	GO:0016705
Q01M92	IPR001128	GO:0020037
Q01M92	IPR001128	GO:0055114
Q01M92	IPR002401	GO:0005506
Q01M92	IPR002401	GO:0016705
Q01M92	IPR002401	GO:0020037
Q01M92	IPR002401	GO:0055114
Q01M92	IPR017972	GO:0016705
Q01M92	IPR017972	GO:0055114
Q04936	IPR007642	GO:0003677
Q04936	IPR007642	GO:0003899
Q04936	IPR007642	GO:0006351
Q04936	IPR007644	GO:0003677
Q04936	IPR007644	GO:0003899
Q04936	IPR007644	GO:0006351
Q08418	IPR004827	GO:0003700
Q08418	IPR004827	GO:0006355
Q08418	IPR004827	GO:0043565
Q0D4J4	IPR002213	GO:0008152
Q0D4J4	IPR002213	GO:0016758
Q0DRF3	IPR002480	GO:0003849
Q0DRF3	IPR002480	GO:0009073
Q0DRF3	IPR013785	GO:0003824
Q0DV66	IPR013626	GO:0010277
Q0DV66	IPR013626	GO:0055114
Q0DV66	IPR017941	GO:0016491
Q0DV66	IPR017941	GO:0051537
Q0DV66	IPR017941	GO:0055114
Q0J5J5	IPR000308	GO:0019904
Q0JAT2	IPR013112	GO:0016491
Q0JAT2	IPR013112	GO:0055114
Q0JAT2	IPR013121	GO:0016491
Q0JAT2	IPR013121	GO:0055114
Q0JAT2	IPR017927	GO:0016491
Q0JAT2	IPR017927	GO:0055114
Q0JCX7	IPR013112	GO:0016491
Q0JCX7	IPR013112	GO:0055114
Q0JCX7	IPR013121	GO:0016491
Q0JCX7	IPR013121	GO:0055114
Q0JCX7	IPR017927	GO:0016491
Q0JCX7	IPR017927	GO:0055114
Q0JCX7	IPR017938	GO:0016491
Q0JCX7	IPR017938	GO:0055114
Q0JQ90	IPR011531	GO:0006820
Q0JQ90	IPR011531	GO:0016021
Q658D5	IPR001841	GO:0005515
Q658D5	IPR001841	GO:0008270
Q658D5	IPR011990	GO:0005515
Q0PMC4	IPR000484	GO:0009772
Q0PMC4	IPR000484	GO:0019684
Q0PMC4	IPR000484	GO:0045156
Q109K1	IPR006694	GO:0005506
Q109K1	IPR006694	GO:0008610
Q109K1	IPR006694	GO:0016491
Q109K1	IPR006694	GO:0055114
Q10KC0	IPR002480	GO:0003849
Q10KC0	IPR002480	GO:0009073
Q10KC0	IPR013785	GO:0003824
Q10LR1	IPR011598	GO:0046983
Q10NY1	IPR000453	GO:0004107
Q10NY1	IPR000453	GO:0009073
Q10NY1	IPR020541	GO:0004107
Q10NY1	IPR020541	GO:0009073
Q10RT5	IPR013626	GO:0010277
Q10RT5	IPR013626	GO:0055114
Q10RT5	IPR017941	GO:0016491
Q10RT5	IPR017941	GO:0051537
Q10RT5	IPR017941	GO:0055114
Q1G1M7	IPR000194	GO:0005524
Q1G1M7	IPR000793	GO:0015986
Q1G1M7	IPR020003	GO:0005524
Q1G1M8	IPR001280	GO:0009522
Q1G1M8	IPR001280	GO:0009579
Q1G1M8	IPR001280	GO:0015979
Q1G1M8	IPR001280	GO:0016021
Q1G1M8	IPR006244	GO:0009522
Q1G1M8	IPR006244	GO:0009579
Q1G1M8	IPR006244	GO:0015979
Q1G1M8	IPR006244	GO:0016021
Q1MSJ0	IPR003890	GO:0003723
Q1MSJ0	IPR003890	GO:0005515
Q1MSJ0	IPR016024	GO:0005488
Q1MSJ1	IPR003890	GO:0003723
Q1MSJ1	IPR003890	GO:0005515
Q1MSJ1	IPR016024	GO:0005488
Q1MSJ2	IPR003890	GO:0003723
Q1MSJ2	IPR003890	GO:0005515
Q1MSJ2	IPR016024	GO:0005488
Q1MSJ3	IPR003890	GO:0003723
Q1MSJ3	IPR003890	GO:0005515
Q1MSJ3	IPR016024	GO:0005488
Q1MSJ4	IPR003890	GO:0003723
Q1MSJ4	IPR003890	GO:0005515
Q1MSJ4	IPR016024	GO:0005488
Q2F6K9	IPR001280	GO:0009522
Q2F6K9	IPR001280	GO:0009579
Q2F6K9	IPR001280	GO:0015979
Q2F6K9	IPR001280	GO:0016021
Q2F6L0	IPR001280	GO:0009522
Q2F6L0	IPR001280	GO:0009579
Q2F6L0	IPR001280	GO:0015979
Q2F6L0	IPR001280	GO:0016021
Q2F6L1	IPR001280	GO:0009522
Q2F6L1	IPR001280	GO:0009579
Q2F6L1	IPR001280	GO:0015979
Q2F6L1	IPR001280	GO:0016021
Q2F6L2	IPR001280	GO:0009522
Q2F6L2	IPR001280	GO:0009579
Q2F6L2	IPR001280	GO:0015979
Q2F6L2	IPR001280	GO:0016021
Q2F6L3	IPR001280	GO:0009522
Q2F6L3	IPR001280	GO:0009579
Q2F6L3	IPR001280	GO:0015979
Q2F6L3	IPR001280	GO:0016021
Q2F6L4	IPR001280	GO:0009522
Q2F6L4	IPR001280	GO:0009579
Q2F6L4	IPR001280	GO:0015979
Q2F6L4	IPR001280	GO:0016021
Q2F6L5	IPR001280	GO:0009522
Q2F6L5	IPR001280	GO:0009579
Q2F6L5	IPR001280	GO:0015979
Q2F6L5	IPR001280	GO:0016021
Q2F6L6	IPR001280	GO:0009522
Q2F6L6	IPR001280	GO:0009579
Q2F6L6	IPR001280	GO:0015979
Q2F6L6	IPR001280	GO:0016021
Q2F6L7	IPR001280	GO:0009522
Q2F6L7	IPR001280	GO:0009579
Q2F6L7	IPR001280	GO:0015979
Q2F6L7	IPR001280	GO:0016021
Q2F6L9	IPR001280	GO:0009522
Q2F6L9	IPR001280	GO:0009579
Q2F6L9	IPR001280	GO:0015979
Q2F6L9	IPR001280	GO:0016021
Q2F6M1	IPR001280	GO:0009522
Q2F6M1	IPR001280	GO:0009579
Q2F6M1	IPR001280	GO:0015979
Q2F6M1	IPR001280	GO:0016021
Q2F6M2	IPR001280	GO:0009522
Q2F6M2	IPR001280	GO:0009579
Q2F6M2	IPR001280	GO:0015979
Q2F6M2	IPR001280	GO:0016021
Q2F8W2	IPR002222	GO:0003735
Q2F8W2	IPR002222	GO:0005840
Q2F8W2	IPR002222	GO:0006412
Q2F8W2	IPR020934	GO:0003723
Q2F8W2	IPR023575	GO:0003735
Q2F8W2	IPR023575	GO:0005840
Q2F8W2	IPR023575	GO:0006412
Q2F8W6	IPR000454	GO:0015078
Q2F8W6	IPR000454	GO:0015986
Q2F8W6	IPR000454	GO:0045263
Q2F8W6	IPR002379	GO:0015078
Q2F8W6	IPR002379	GO:0015991
Q2F8W6	IPR002379	GO:0033177
Q2F8W8	IPR002942	GO:0003723
Q2F8Y5	IPR000298	GO:0015002
Q2F8Y5	IPR000298	GO:0016020
Q2F8Y5	IPR013833	GO:0004129
Q2F8Y5	IPR013833	GO:0016020
Q2F8Y5	IPR013833	GO:0022904
Q2F8Z6	IPR001694	GO:0016020
Q2F8Z6	IPR001694	GO:0055114
Q2F8Z6	IPR018086	GO:0016020
Q2F8Z6	IPR018086	GO:0055114
Q2F901	IPR003544	GO:0015232
Q2F901	IPR003544	GO:0015886
Q2F901	IPR003544	GO:0016020
Q2F901	IPR003544	GO:0017004
Q2F905	IPR000883	GO:0004129
Q2F905	IPR000883	GO:0005506
Q2F905	IPR000883	GO:0009055
Q2F905	IPR000883	GO:0009060
Q2F905	IPR000883	GO:0016021
Q2F905	IPR000883	GO:0020037
Q2F905	IPR000883	GO:0055114
Q2F905	IPR014241	GO:0004129
Q2F905	IPR014241	GO:0005507
Q2F905	IPR014241	GO:0005886
Q2F905	IPR014241	GO:0006810
Q2F905	IPR014241	GO:0022900
Q2F905	IPR014241	GO:0055114
Q2F905	IPR023615	GO:0004129
Q2F905	IPR023615	GO:0055114
Q2F905	IPR023616	GO:0004129
Q2F905	IPR023616	GO:0055114
Q2F905	IPR033944	GO:0045277
Q2F909	IPR002541	GO:0017004
Q2F909	IPR002541	GO:0020037
Q2F909	IPR003567	GO:0015232
Q2F909	IPR003567	GO:0015886
Q2F909	IPR003567	GO:0016020
Q2F909	IPR003567	GO:0017004
Q2F909	IPR003569	GO:0015232
Q2F909	IPR003569	GO:0015886
Q2F909	IPR003569	GO:0016020
Q2F909	IPR003569	GO:0017004
Q2F912	IPR005797	GO:0009055
Q2F912	IPR005797	GO:0016020
Q2F912	IPR005797	GO:0016491
Q2F912	IPR005798	GO:0009055
Q2F912	IPR005798	GO:0016020
Q2F912	IPR005798	GO:0016491
Q2F912	IPR016174	GO:0016020
Q2F912	IPR016174	GO:0022904
Q2F912	IPR030689	GO:0006122
Q2F912	IPR030689	GO:0008121
Q2F912	IPR030689	GO:0009055
Q2F912	IPR030689	GO:0045275
Q2F914	IPR001133	GO:0016651
Q2F914	IPR001133	GO:0042773
Q2F914	IPR001133	GO:0055114
Q2F919	IPR000454	GO:0015078
Q2F919	IPR000454	GO:0015986
Q2F919	IPR000454	GO:0045263
Q2F919	IPR002379	GO:0015078
Q2F919	IPR002379	GO:0015991
Q2F919	IPR002379	GO:0033177
Q2F922	IPR001892	GO:0003723
Q2F922	IPR001892	GO:0003735
Q2F922	IPR001892	GO:0005622
Q2F922	IPR001892	GO:0005840
Q2F922	IPR001892	GO:0006412
Q2F922	IPR010979	GO:0003676
Q2F922	IPR018269	GO:0003723
Q2F922	IPR018269	GO:0003735
Q2F922	IPR018269	GO:0005840
Q2F922	IPR018269	GO:0006412
Q2F926	IPR002429	GO:0004129
Q2F926	IPR002429	GO:0005507
Q2F926	IPR002429	GO:0016020
Q2F926	IPR011759	GO:0016021
Q2F926	IPR011759	GO:0022900
Q2F926	IPR014222	GO:0016021
Q2F926	IPR014222	GO:0016491
Q2F932	IPR000114	GO:0003735
Q2F932	IPR000114	GO:0006412
Q2F932	IPR000114	GO:0019843
Q2F932	IPR016180	GO:0003735
Q2F932	IPR016180	GO:0005840
Q2F932	IPR016180	GO:0006412
Q2F932	IPR020798	GO:0003735
Q2F932	IPR020798	GO:0005622
Q2F932	IPR020798	GO:0005840
Q2F932	IPR020798	GO:0006412
Q2F937	IPR008688	GO:0000276
Q2F937	IPR008688	GO:0015078
Q2F937	IPR008688	GO:0015986
Q2F940	IPR002033	GO:0016021
Q2F941	IPR001694	GO:0016020
Q2F941	IPR001694	GO:0055114
Q2F943	IPR001457	GO:0008137
Q2F943	IPR001457	GO:0055114
Q2F945	IPR009455	GO:0005739
Q2F945	IPR009455	GO:0016021
Q2F945	IPR009455	GO:0016820
Q2F947	IPR000235	GO:0006412
Q2F947	IPR005717	GO:0003735
Q2F947	IPR005717	GO:0006412
Q2F947	IPR005717	GO:0015935
Q2F947	IPR034643	GO:0003735
Q2F947	IPR034643	GO:0005763
Q2F947	IPR034643	GO:0006412
Q2F947	IPR034643	GO:0019843
Q2F948	IPR003945	GO:0008137
Q2F948	IPR003945	GO:0042773
Q2F948	IPR003945	GO:0055114
Q2F948	IPR018393	GO:0008137
Q2F948	IPR018393	GO:0042773
Q2F948	IPR018393	GO:0055114
Q2F951	IPR001268	GO:0008137
Q2F951	IPR001268	GO:0055114
Q2F954	IPR003544	GO:0015232
Q2F954	IPR003544	GO:0015886
Q2F954	IPR003544	GO:0016020
Q2F954	IPR003544	GO:0017004
Q2F957	IPR002132	GO:0003735
Q2F957	IPR002132	GO:0005840
Q2F957	IPR002132	GO:0006412
Q2F958	IPR000883	GO:0004129
Q2F958	IPR000883	GO:0005506
Q2F958	IPR000883	GO:0009055
Q2F958	IPR000883	GO:0009060
Q2F958	IPR000883	GO:0016021
Q2F958	IPR000883	GO:0020037
Q2F958	IPR000883	GO:0055114
Q2F958	IPR014241	GO:0004129
Q2F958	IPR014241	GO:0005507
Q2F958	IPR014241	GO:0005886
Q2F958	IPR014241	GO:0006810
Q2F958	IPR014241	GO:0022900
Q2F958	IPR014241	GO:0055114
Q2F958	IPR023615	GO:0004129
Q2F958	IPR023615	GO:0055114
Q2F958	IPR023616	GO:0004129
Q2F958	IPR023616	GO:0055114
Q2F958	IPR033944	GO:0045277
Q2F962	IPR002541	GO:0017004
Q2F962	IPR002541	GO:0020037
Q2F962	IPR003567	GO:0015232
Q2F962	IPR003567	GO:0015886
Q2F962	IPR003567	GO:0016020
Q2F962	IPR003567	GO:0017004
Q2F962	IPR003569	GO:0015232
Q2F962	IPR003569	GO:0015886
Q2F962	IPR003569	GO:0016020
Q2F962	IPR003569	GO:0017004
Q2F964	IPR024937	GO:0006397
Q2F965	IPR005797	GO:0009055
Q2F965	IPR005797	GO:0016020
Q2F965	IPR005797	GO:0016491
Q2F965	IPR005798	GO:0009055
Q2F965	IPR005798	GO:0016020
Q2F965	IPR005798	GO:0016491
Q2F965	IPR016174	GO:0016020
Q2F965	IPR016174	GO:0022904
Q2F965	IPR030689	GO:0006122
Q2F965	IPR030689	GO:0008121
Q2F965	IPR030689	GO:0009055
Q2F965	IPR030689	GO:0045275
Q2F966	IPR003440	GO:0000148
Q2F966	IPR003440	GO:0003843
Q2F966	IPR003440	GO:0006075
Q2F966	IPR003440	GO:0016020
Q2F967	IPR001133	GO:0016651
Q2F967	IPR001133	GO:0042773
Q2F967	IPR001133	GO:0055114
Q2F968	IPR002222	GO:0003735
Q2F968	IPR002222	GO:0005840
Q2F968	IPR002222	GO:0006412
Q2F968	IPR020934	GO:0003723
Q2F968	IPR023575	GO:0003735
Q2F968	IPR023575	GO:0005840
Q2F968	IPR023575	GO:0006412
Q2F971	IPR000454	GO:0015078
Q2F971	IPR000454	GO:0015986
Q2F971	IPR000454	GO:0045263
Q2F971	IPR002379	GO:0015078
Q2F971	IPR002379	GO:0015991
Q2F971	IPR002379	GO:0033177
Q2F973	IPR002942	GO:0003723
Q2F974	IPR001892	GO:0003723
Q2F974	IPR001892	GO:0003735
Q2F974	IPR001892	GO:0005622
Q2F974	IPR001892	GO:0005840
Q2F974	IPR001892	GO:0006412
Q2F974	IPR010979	GO:0003676
Q2F974	IPR018269	GO:0003723
Q2F974	IPR018269	GO:0003735
Q2F974	IPR018269	GO:0005840
Q2F974	IPR018269	GO:0006412
Q2F976	IPR000568	GO:0015078
Q2F976	IPR000568	GO:0015986
Q2F976	IPR000568	GO:0045263
Q2F979	IPR002429	GO:0004129
Q2F979	IPR002429	GO:0005507
Q2F979	IPR002429	GO:0016020
Q2F979	IPR011759	GO:0016021
Q2F979	IPR011759	GO:0022900
Q2F979	IPR014222	GO:0016021
Q2F979	IPR014222	GO:0016491
Q2F980	IPR003918	GO:0008137
Q2F980	IPR003918	GO:0042773
Q2F980	IPR003918	GO:0055114
Q2F980	IPR010227	GO:0008137
Q2F980	IPR010227	GO:0042773
Q2F980	IPR010227	GO:0055114
Q2F981	IPR001865	GO:0003735
Q2F981	IPR001865	GO:0005622
Q2F981	IPR001865	GO:0005840
Q2F981	IPR001865	GO:0006412
Q2F983	IPR005679	GO:0003735
Q2F983	IPR005679	GO:0006412
Q2F983	IPR005679	GO:0015935
Q2F983	IPR006032	GO:0003735
Q2F983	IPR006032	GO:0005622
Q2F983	IPR006032	GO:0005840
Q2F983	IPR006032	GO:0006412
Q2F984	IPR000440	GO:0008137
Q2F984	IPR000440	GO:0055114
Q2F985	IPR000114	GO:0003735
Q2F985	IPR000114	GO:0006412
Q2F985	IPR000114	GO:0019843
Q2F985	IPR016180	GO:0003735
Q2F985	IPR016180	GO:0005840
Q2F985	IPR016180	GO:0006412
Q2F985	IPR020798	GO:0003735
Q2F985	IPR020798	GO:0005622
Q2F985	IPR020798	GO:0005840
Q2F985	IPR020798	GO:0006412
Q2F986	IPR001351	GO:0003735
Q2F986	IPR001351	GO:0005840
Q2F986	IPR001351	GO:0006412
Q2F986	IPR009019	GO:0003723
Q2F990	IPR001135	GO:0016651
Q2F990	IPR001135	GO:0048038
Q2F990	IPR001135	GO:0051287
Q2F990	IPR001135	GO:0055114
Q2F990	IPR014029	GO:0016651
Q2F990	IPR014029	GO:0055114
Q2F990	IPR022885	GO:0016651
Q2F990	IPR022885	GO:0055114
Q2F991	IPR002033	GO:0016021
Q2F992	IPR001694	GO:0016020
Q2F992	IPR001694	GO:0055114
Q2F993	IPR002541	GO:0017004
Q2F993	IPR002541	GO:0020037
Q2F993	IPR003557	GO:0015232
Q2F993	IPR003557	GO:0015886
Q2F993	IPR003557	GO:0016020
Q2F993	IPR003557	GO:0017004
Q2F994	IPR001457	GO:0008137
Q2F994	IPR001457	GO:0055114
Q2F996	IPR009455	GO:0005739
Q2F996	IPR009455	GO:0016021
Q2F996	IPR009455	GO:0016820
Q2F998	IPR000235	GO:0006412
Q2F998	IPR005717	GO:0003735
Q2F998	IPR005717	GO:0006412
Q2F998	IPR005717	GO:0015935
Q2F998	IPR034643	GO:0003735
Q2F998	IPR034643	GO:0005763
Q2F998	IPR034643	GO:0006412
Q2F998	IPR034643	GO:0019843
Q2F999	IPR003945	GO:0008137
Q2F999	IPR003945	GO:0042773
Q2F999	IPR003945	GO:0055114
Q2F999	IPR018393	GO:0008137
Q2F999	IPR018393	GO:0042773
Q2F999	IPR018393	GO:0055114
Q2F9A1	IPR008688	GO:0000276
Q2F9A1	IPR008688	GO:0015078
Q2F9A1	IPR008688	GO:0015986
Q2F9A2	IPR000298	GO:0015002
Q2F9A2	IPR000298	GO:0016020
Q2F9A2	IPR013833	GO:0004129
Q2F9A2	IPR013833	GO:0016020
Q2F9A2	IPR013833	GO:0022904
Q2F9A3	IPR001694	GO:0016020
Q2F9A3	IPR001694	GO:0055114
Q2F9A3	IPR018086	GO:0016020
Q2F9A3	IPR018086	GO:0055114
Q2F9A4	IPR010096	GO:0008137
Q2F9A4	IPR010096	GO:0042773
Q2F9A4	IPR010096	GO:0055114
Q2LII8	IPR003372	GO:0009523
Q2LII8	IPR003372	GO:0009539
Q2LII8	IPR003372	GO:0015979
Q2LII8	IPR003372	GO:0016020
Q2LII9	IPR002682	GO:0009523
Q2LII9	IPR002682	GO:0009539
Q2LII9	IPR002682	GO:0015979
Q2LII9	IPR002682	GO:0016020
Q2LIJ0	IPR002325	GO:0005506
Q2LIJ0	IPR002325	GO:0009055
Q2LIJ0	IPR002325	GO:0015979
Q2LIJ0	IPR002325	GO:0020037
Q2LIJ0	IPR002325	GO:0031361
Q2LIJ1	IPR003372	GO:0009523
Q2LIJ1	IPR003372	GO:0009539
Q2LIJ1	IPR003372	GO:0015979
Q2LIJ1	IPR003372	GO:0016020
Q2LIJ2	IPR002682	GO:0009523
Q2LIJ2	IPR002682	GO:0009539
Q2LIJ2	IPR002682	GO:0015979
Q2LIJ2	IPR002682	GO:0016020
Q2LIJ3	IPR002325	GO:0005506
Q2LIJ3	IPR002325	GO:0009055
Q2LIJ3	IPR002325	GO:0015979
Q2LIJ3	IPR002325	GO:0020037
Q2LIJ3	IPR002325	GO:0031361
Q2LIJ4	IPR003372	GO:0009523
Q2LIJ4	IPR003372	GO:0009539
Q2LIJ4	IPR003372	GO:0015979
Q2LIJ4	IPR003372	GO:0016020
Q2LIJ5	IPR002682	GO:0009523
Q2LIJ5	IPR002682	GO:0009539
Q2LIJ5	IPR002682	GO:0015979
Q2LIJ5	IPR002682	GO:0016020
Q2LIJ6	IPR002325	GO:0005506
Q2LIJ6	IPR002325	GO:0009055
Q2LIJ6	IPR002325	GO:0015979
Q2LIJ6	IPR002325	GO:0020037
Q2LIJ6	IPR002325	GO:0031361
Q2LIJ7	IPR003372	GO:0009523
Q2LIJ7	IPR003372	GO:0009539
Q2LIJ7	IPR003372	GO:0015979
Q2LIJ7	IPR003372	GO:0016020
Q2LIJ8	IPR002682	GO:0009523
Q2LIJ8	IPR002682	GO:0009539
Q2LIJ8	IPR002682	GO:0015979
Q2LIJ8	IPR002682	GO:0016020
Q2LIJ9	IPR002325	GO:0005506
Q2LIJ9	IPR002325	GO:0009055
Q2LIJ9	IPR002325	GO:0015979
Q2LIJ9	IPR002325	GO:0020037
Q2LIJ9	IPR002325	GO:0031361
Q2LIK0	IPR003372	GO:0009523
Q2LIK0	IPR003372	GO:0009539
Q2LIK0	IPR003372	GO:0015979
Q2LIK0	IPR003372	GO:0016020
Q2LIK1	IPR002682	GO:0009523
Q2LIK1	IPR002682	GO:0009539
Q2LIK1	IPR002682	GO:0015979
Q2LIK1	IPR002682	GO:0016020
Q2LIK2	IPR002325	GO:0005506
Q2LIK2	IPR002325	GO:0009055
Q2LIK2	IPR002325	GO:0015979
Q2LIK2	IPR002325	GO:0020037
Q2LIK2	IPR002325	GO:0031361
Q2LIK3	IPR003372	GO:0009523
Q2LIK3	IPR003372	GO:0009539
Q2LIK3	IPR003372	GO:0015979
Q2LIK3	IPR003372	GO:0016020
Q2LIK4	IPR002682	GO:0009523
Q2LIK4	IPR002682	GO:0009539
Q2LIK4	IPR002682	GO:0015979
Q2LIK4	IPR002682	GO:0016020
Q2LIK5	IPR002325	GO:0005506
Q2LIK5	IPR002325	GO:0009055
Q2LIK5	IPR002325	GO:0015979
Q2LIK5	IPR002325	GO:0020037
Q2LIK5	IPR002325	GO:0031361
Q2LIK6	IPR003372	GO:0009523
Q2LIK6	IPR003372	GO:0009539
Q2LIK6	IPR003372	GO:0015979
Q2LIK6	IPR003372	GO:0016020
Q2LIK7	IPR002682	GO:0009523
Q2LIK7	IPR002682	GO:0009539
Q2LIK7	IPR002682	GO:0015979
Q2LIK7	IPR002682	GO:0016020
Q2LIK8	IPR002325	GO:0005506
Q2LIK8	IPR002325	GO:0009055
Q2LIK8	IPR002325	GO:0015979
Q2LIK8	IPR002325	GO:0020037
Q2LIK8	IPR002325	GO:0031361
Q2LIL5	IPR003372	GO:0009523
Q2LIL5	IPR003372	GO:0009539
Q2LIL5	IPR003372	GO:0015979
Q2LIL5	IPR003372	GO:0016020
Q2LIL6	IPR002682	GO:0009523
Q2LIL6	IPR002682	GO:0009539
Q2LIL6	IPR002682	GO:0015979
Q2LIL6	IPR002682	GO:0016020
Q2LIL7	IPR002325	GO:0005506
Q2LIL7	IPR002325	GO:0009055
Q2LIL7	IPR002325	GO:0015979
Q2LIL7	IPR002325	GO:0020037
Q2LIL7	IPR002325	GO:0031361
Q2LIM1	IPR003372	GO:0009523
Q2LIM1	IPR003372	GO:0009539
Q2LIM1	IPR003372	GO:0015979
Q2LIM1	IPR003372	GO:0016020
Q2LIM2	IPR002682	GO:0009523
Q2LIM2	IPR002682	GO:0009539
Q2LIM2	IPR002682	GO:0015979
Q2LIM2	IPR002682	GO:0016020
Q2LIM3	IPR002325	GO:0005506
Q2LIM3	IPR002325	GO:0009055
Q2LIM3	IPR002325	GO:0015979
Q2LIM3	IPR002325	GO:0020037
Q2LIM3	IPR002325	GO:0031361
Q2LIM6	IPR002325	GO:0005506
Q2LIM6	IPR002325	GO:0009055
Q2LIM6	IPR002325	GO:0015979
Q2LIM6	IPR002325	GO:0020037
Q2LIM6	IPR002325	GO:0031361
Q2LIM7	IPR003372	GO:0009523
Q2LIM7	IPR003372	GO:0009539
Q2LIM7	IPR003372	GO:0015979
Q2LIM7	IPR003372	GO:0016020
Q2LIM8	IPR002682	GO:0009523
Q2LIM8	IPR002682	GO:0009539
Q2LIM8	IPR002682	GO:0015979
Q2LIM8	IPR002682	GO:0016020
Q2LIM9	IPR002325	GO:0005506
Q2LIM9	IPR002325	GO:0009055
Q2LIM9	IPR002325	GO:0015979
Q2LIM9	IPR002325	GO:0020037
Q2LIM9	IPR002325	GO:0031361
Q2LIN0	IPR003372	GO:0009523
Q2LIN0	IPR003372	GO:0009539
Q2LIN0	IPR003372	GO:0015979
Q2LIN0	IPR003372	GO:0016020
Q2LIN1	IPR002682	GO:0009523
Q2LIN1	IPR002682	GO:0009539
Q2LIN1	IPR002682	GO:0015979
Q2LIN1	IPR002682	GO:0016020
Q2LIN2	IPR002325	GO:0005506
Q2LIN2	IPR002325	GO:0009055
Q2LIN2	IPR002325	GO:0015979
Q2LIN2	IPR002325	GO:0020037
Q2LIN2	IPR002325	GO:0031361
Q2LIN3	IPR003372	GO:0009523
Q2LIN3	IPR003372	GO:0009539
Q2LIN3	IPR003372	GO:0015979
Q2LIN3	IPR003372	GO:0016020
Q2LIN4	IPR002682	GO:0009523
Q2LIN4	IPR002682	GO:0009539
Q2LIN4	IPR002682	GO:0015979
Q2LIN4	IPR002682	GO:0016020
Q2LIN5	IPR002325	GO:0005506
Q2LIN5	IPR002325	GO:0009055
Q2LIN5	IPR002325	GO:0015979
Q2LIN5	IPR002325	GO:0020037
Q2LIN5	IPR002325	GO:0031361
Q2LIN7	IPR002682	GO:0009523
Q2LIN7	IPR002682	GO:0009539
Q2LIN7	IPR002682	GO:0015979
Q2LIN7	IPR002682	GO:0016020
Q2LIN9	IPR009025	GO:0006351
Q2LIN9	IPR009025	GO:0046983
Q2LIN9	IPR011260	GO:0003677
Q2LIN9	IPR011260	GO:0003899
Q2LIN9	IPR011260	GO:0006351
Q2LIN9	IPR011262	GO:0003899
Q2LIN9	IPR011262	GO:0006351
Q2LIN9	IPR011262	GO:0046983
Q2LIN9	IPR011263	GO:0003899
Q2LIN9	IPR011263	GO:0006351
Q2LIN9	IPR011773	GO:0003677
Q2LIN9	IPR011773	GO:0003899
Q2LIN9	IPR011773	GO:0006351
Q2LIP0	IPR009025	GO:0006351
Q2LIP0	IPR009025	GO:0046983
Q2LIP0	IPR011260	GO:0003677
Q2LIP0	IPR011260	GO:0003899
Q2LIP0	IPR011260	GO:0006351
Q2LIP0	IPR011262	GO:0003899
Q2LIP0	IPR011262	GO:0006351
Q2LIP0	IPR011262	GO:0046983
Q2LIP0	IPR011263	GO:0003899
Q2LIP0	IPR011263	GO:0006351
Q2LIP0	IPR011773	GO:0003677
Q2LIP0	IPR011773	GO:0003899
Q2LIP0	IPR011773	GO:0006351
Q2LIP1	IPR009025	GO:0006351
Q2LIP1	IPR009025	GO:0046983
Q2LIP1	IPR011260	GO:0003677
Q2LIP1	IPR011260	GO:0003899
Q2LIP1	IPR011260	GO:0006351
Q2LIP1	IPR011262	GO:0003899
Q2LIP1	IPR011262	GO:0006351
Q2LIP1	IPR011262	GO:0046983
Q2LIP1	IPR011263	GO:0003899
Q2LIP1	IPR011263	GO:0006351
Q2LIP1	IPR011773	GO:0003677
Q2LIP1	IPR011773	GO:0003899
Q2LIP1	IPR011773	GO:0006351
Q2LIP2	IPR009025	GO:0006351
Q2LIP2	IPR009025	GO:0046983
Q2LIP2	IPR011260	GO:0003677
Q2LIP2	IPR011260	GO:0003899
Q2LIP2	IPR011260	GO:0006351
Q2LIP2	IPR011262	GO:0003899
Q2LIP2	IPR011262	GO:0006351
Q2LIP2	IPR011262	GO:0046983
Q2LIP2	IPR011263	GO:0003899
Q2LIP2	IPR011263	GO:0006351
Q2LIP2	IPR011773	GO:0003677
Q2LIP2	IPR011773	GO:0003899
Q2LIP2	IPR011773	GO:0006351
Q2LIP3	IPR009025	GO:0006351
Q2LIP3	IPR009025	GO:0046983
Q2LIP3	IPR011260	GO:0003677
Q2LIP3	IPR011260	GO:0003899
Q2LIP3	IPR011260	GO:0006351
Q2LIP3	IPR011262	GO:0003899
Q2LIP3	IPR011262	GO:0006351
Q2LIP3	IPR011262	GO:0046983
Q2LIP3	IPR011263	GO:0003899
Q2LIP3	IPR011263	GO:0006351
Q2LIP3	IPR011773	GO:0003677
Q2LIP3	IPR011773	GO:0003899
Q2LIP3	IPR011773	GO:0006351
Q2LIP4	IPR009025	GO:0006351
Q2LIP4	IPR009025	GO:0046983
Q2LIP4	IPR011260	GO:0003677
Q2LIP4	IPR011260	GO:0003899
Q2LIP4	IPR011260	GO:0006351
Q2LIP4	IPR011262	GO:0003899
Q2LIP4	IPR011262	GO:0006351
Q2LIP4	IPR011262	GO:0046983
Q2LIP4	IPR011263	GO:0003899
Q2LIP4	IPR011263	GO:0006351
Q2LIP4	IPR011773	GO:0003677
Q2LIP4	IPR011773	GO:0003899
Q2LIP4	IPR011773	GO:0006351
Q2LIP5	IPR009025	GO:0006351
Q2LIP5	IPR009025	GO:0046983
Q2LIP5	IPR011260	GO:0003677
Q2LIP5	IPR011260	GO:0003899
Q2LIP5	IPR011260	GO:0006351
Q2LIP5	IPR011262	GO:0003899
Q2LIP5	IPR011262	GO:0006351
Q2LIP5	IPR011262	GO:0046983
Q2LIP5	IPR011263	GO:0003899
Q2LIP5	IPR011263	GO:0006351
Q2LIP5	IPR011773	GO:0003677
Q2LIP5	IPR011773	GO:0003899
Q2LIP5	IPR011773	GO:0006351
Q2LIP6	IPR009025	GO:0006351
Q2LIP6	IPR009025	GO:0046983
Q2LIP6	IPR011260	GO:0003677
Q2LIP6	IPR011260	GO:0003899
Q2LIP6	IPR011260	GO:0006351
Q2LIP6	IPR011262	GO:0003899
Q2LIP6	IPR011262	GO:0006351
Q2LIP6	IPR011262	GO:0046983
Q2LIP6	IPR011263	GO:0003899
Q2LIP6	IPR011263	GO:0006351
Q2LIP6	IPR011773	GO:0003677
Q2LIP6	IPR011773	GO:0003899
Q2LIP6	IPR011773	GO:0006351
Q2LIP7	IPR009025	GO:0006351
Q2LIP7	IPR009025	GO:0046983
Q2LIP7	IPR011260	GO:0003677
Q2LIP7	IPR011260	GO:0003899
Q2LIP7	IPR011260	GO:0006351
Q2LIP7	IPR011262	GO:0003899
Q2LIP7	IPR011262	GO:0006351
Q2LIP7	IPR011262	GO:0046983
Q2LIP7	IPR011263	GO:0003899
Q2LIP7	IPR011263	GO:0006351
Q2LIP7	IPR011773	GO:0003677
Q2LIP7	IPR011773	GO:0003899
Q2LIP7	IPR011773	GO:0006351
Q2LIP8	IPR009025	GO:0006351
Q2LIP8	IPR009025	GO:0046983
Q2LIP8	IPR011260	GO:0003677
Q2LIP8	IPR011260	GO:0003899
Q2LIP8	IPR011260	GO:0006351
Q2LIP8	IPR011262	GO:0003899
Q2LIP8	IPR011262	GO:0006351
Q2LIP8	IPR011262	GO:0046983
Q2LIP8	IPR011263	GO:0003899
Q2LIP8	IPR011263	GO:0006351
Q2LIP8	IPR011773	GO:0003677
Q2LIP8	IPR011773	GO:0003899
Q2LIP8	IPR011773	GO:0006351
Q2QLR0	IPR011598	GO:0046983
Q2QML8	IPR011598	GO:0046983
Q2QMM0	IPR011598	GO:0046983
Q2QMM8	IPR011598	GO:0046983
Q2QMN2	IPR011598	GO:0046983
Q2QMV9	IPR011598	GO:0046983
Q2QNH0	IPR011531	GO:0006820
Q2QNH0	IPR011531	GO:0016021
Q2QQ32	IPR011598	GO:0046983
Q2QXE3	IPR011598	GO:0046983
Q2QYP2	IPR011598	GO:0046983
Q2R0R9	IPR011598	GO:0046983
Q2R1K8	IPR011598	GO:0046983
Q2R3F6	IPR011598	GO:0046983
Q32753	IPR000685	GO:0000287
Q32753	IPR017443	GO:0015977
Q32753	IPR017443	GO:0016984
Q32753	IPR020878	GO:0000287
Q32753	IPR020878	GO:0015977
Q32753	IPR020878	GO:0016984
Q32753	IPR020888	GO:0000287
Q32753	IPR020888	GO:0015977
Q32753	IPR020888	GO:0016984
Q336V8	IPR011598	GO:0046983
Q35294	IPR000568	GO:0015078
Q35294	IPR000568	GO:0015986
Q35294	IPR000568	GO:0045263
Q35300	IPR003918	GO:0008137
Q35300	IPR003918	GO:0042773
Q35300	IPR003918	GO:0055114
Q35316	IPR001865	GO:0003735
Q35316	IPR001865	GO:0005622
Q35316	IPR001865	GO:0005840
Q35316	IPR001865	GO:0006412
Q36986	IPR000568	GO:0015078
Q36986	IPR000568	GO:0015986
Q36986	IPR000568	GO:0045263
Q37035	IPR000440	GO:0008137
Q37035	IPR000440	GO:0055114
Q37247	IPR000685	GO:0000287
Q37247	IPR017443	GO:0015977
Q37247	IPR017443	GO:0016984
Q37247	IPR020878	GO:0000287
Q37247	IPR020878	GO:0015977
Q37247	IPR020878	GO:0016984
Q37807	IPR000568	GO:0015078
Q37807	IPR000568	GO:0015986
Q37807	IPR000568	GO:0045263
Q3L0X2	IPR002866	GO:0006397
Q3L0X2	IPR002866	GO:0009507
Q3L0X2	IPR024937	GO:0006397
Q40599	IPR011598	GO:0046983
Q40602	IPR011598	GO:0046983
Q40603	IPR011598	GO:0046983
Q40604	IPR011598	GO:0046983
Q40614	IPR011598	GO:0046983
Q40615	IPR011598	GO:0046983
Q40616	IPR011598	GO:0046983
Q40640	IPR000719	GO:0004672
Q40640	IPR000719	GO:0005524
Q40640	IPR000719	GO:0006468
Q40640	IPR001611	GO:0005515
Q40640	IPR008271	GO:0004672
Q40640	IPR008271	GO:0006468
Q40640	IPR017441	GO:0005524
Q40643	IPR011598	GO:0046983
Q40644	IPR011598	GO:0046983
Q53L62	IPR011598	GO:0046983
Q5JKG8	IPR003676	GO:0009733
Q5JKX0	IPR001680	GO:0005515
Q5JKX0	IPR015943	GO:0005515
Q5JKX0	IPR017986	GO:0005515
Q0J9U0	IPR011598	GO:0046983
Q5K3B1	IPR000685	GO:0000287
Q5K3B1	IPR017443	GO:0015977
Q5K3B1	IPR017443	GO:0016984
Q5K3B1	IPR020878	GO:0000287
Q5K3B1	IPR020878	GO:0015977
Q5K3B1	IPR020878	GO:0016984
Q5K3B1	IPR020888	GO:0000287
Q5K3B1	IPR020888	GO:0015977
Q5K3B1	IPR020888	GO:0016984
Q5KQG3	IPR011598	GO:0046983
Q5MFV0	IPR001471	GO:0003700
Q5MFV0	IPR001471	GO:0006355
Q5MFV0	IPR016177	GO:0003677
Q5MFV1	IPR001471	GO:0003700
Q5MFV1	IPR001471	GO:0006355
Q5MFV1	IPR016177	GO:0003677
Q5MFV3	IPR001471	GO:0003700
Q5MFV3	IPR001471	GO:0006355
Q5MFV3	IPR016177	GO:0003677
Q5N802	IPR011598	GO:0046983
Q5N9E6	IPR011598	GO:0046983
Q5NB28	IPR011598	GO:0046983
Q5QJU0	IPR002866	GO:0006397
Q5QJU0	IPR002866	GO:0009507
Q5QJU0	IPR024937	GO:0006397
Q5QKX9	IPR002866	GO:0006397
Q5QKX9	IPR002866	GO:0009507
Q5QKX9	IPR024937	GO:0006397
Q5QL92	IPR006121	GO:0030001
Q5QL92	IPR006121	GO:0046872
Q5SMX2	IPR011598	GO:0046983
Q5SMX4	IPR011598	GO:0046983
Q5VNW0	IPR001986	GO:0016765
Q5VNW0	IPR006264	GO:0003866
Q5VNW0	IPR006264	GO:0009073
Q5VNW0	IPR013792	GO:0003824
Q5VPH5	IPR003676	GO:0009733
Q5VR96	IPR011598	GO:0046983
Q5VRS4	IPR011598	GO:0046983
Q5VSB8	IPR005477	GO:0008661
Q5VSB8	IPR005477	GO:0016114
Q5VSB8	IPR009014	GO:0003824
Q5VSB8	IPR009014	GO:0008152
Q5VSB9	IPR009014	GO:0003824
Q5VSB9	IPR009014	GO:0008152
Q5WMQ1	IPR011598	GO:0046983
Q5Z610	IPR011598	GO:0046983
Q5Z7T1	IPR003676	GO:0009733
Q5Z8X4	IPR003676	GO:0009733
Q5Z988	IPR011598	GO:0046983
Q5ZAF2	IPR002213	GO:0008152
Q5ZAF2	IPR002213	GO:0016758
Q5ZAQ7	IPR003676	GO:0009733
Q60EC0	IPR003441	GO:0003677
Q60EC0	IPR003441	GO:0006355
Q60EJ4	IPR011598	GO:0046983
Q651K2	IPR011598	GO:0046983
Q651Q2	IPR003676	GO:0009733
Q651Q3	IPR003676	GO:0009733
Q651Q4	IPR003676	GO:0009733
Q651Q5	IPR003676	GO:0009733
Q651Q6	IPR003676	GO:0009733
Q651Q8	IPR003676	GO:0009733
Q651Q9	IPR003676	GO:0009733
Q651R0	IPR003676	GO:0009733
Q651R1	IPR003676	GO:0009733
Q653A4	IPR011598	GO:0046983
Q657A4	IPR011598	GO:0046983
Q657D1	IPR011598	GO:0046983
Q657Z3	IPR011598	GO:0046983
Q66VB0	IPR000008	GO:0005515
Q67TR8	IPR011598	GO:0046983
Q67U21	IPR011598	GO:0046983
Q67W57	IPR000711	GO:0015986
Q67W57	IPR000711	GO:0046933
Q67W57	IPR020781	GO:0015986
Q67W57	IPR020781	GO:0016020
Q67W57	IPR020781	GO:0046933
Q67WK8	IPR006694	GO:0005506
Q67WK8	IPR006694	GO:0008610
Q67WK8	IPR006694	GO:0016491
Q67WK8	IPR006694	GO:0055114
Q67WQ5	IPR011598	GO:0046983
Q68Y45	IPR005123	GO:0016491
Q68Y45	IPR005123	GO:0055114
Q69IU0	IPR011598	GO:0046983
Q69JI7	IPR011598	GO:0046983
Q69JJ6	IPR011598	GO:0046983
Q69LD8	IPR005123	GO:0016491
Q69LD8	IPR005123	GO:0055114
Q69LJ9	IPR003676	GO:0009733
Q69LK3	IPR003676	GO:0009733
Q69MD0	IPR011598	GO:0046983
Q69TX2	IPR011598	GO:0046983
Q69WX7	IPR011598	GO:0046983
Q69Y51	IPR011598	GO:0046983
Q6AT12	IPR005123	GO:0016491
Q6AT12	IPR005123	GO:0055114
Q6AT21	IPR011531	GO:0006820
Q6AT21	IPR011531	GO:0016021
Q6AT88	IPR001810	GO:0005515
Q6AUB0	IPR000086	GO:0016787
Q6AUB0	IPR011876	GO:0004452
Q6AUB0	IPR011876	GO:0008299
Q6AUB0	IPR015797	GO:0016787
Q6AV35	IPR011598	GO:0046983
Q6E6T0	IPR001907	GO:0004252
Q6E6T0	IPR001907	GO:0006508
Q6ED64	IPR002060	GO:0009058
Q6ED64	IPR002060	GO:0016740
Q6ED64	IPR019845	GO:0016765
Q6ED64	IPR033904	GO:0004310
Q6ED64	IPR033904	GO:0006696
Q6ED64	IPR033904	GO:0051996
Q6EPZ6	IPR011598	GO:0046983
Q6ESL3	IPR011598	GO:0046983
Q6ET88	IPR000092	GO:0008299
Q6ETM0	IPR011598	GO:0046983
Q6ETQ5	IPR011598	GO:0046983
Q6EUB0	IPR003676	GO:0009733
Q6H4V6	IPR003676	GO:0009733
Q6H664	IPR003676	GO:0009733
Q6H759	IPR006121	GO:0030001
Q6H759	IPR006121	GO:0046872
Q6I583	IPR002067	GO:0055085
Q6K2Y8	IPR004839	GO:0009058
Q6K2Y8	IPR004839	GO:0030170
Q6K2Y8	IPR005958	GO:0006520
Q6K2Y8	IPR005958	GO:0008483
Q6K2Y8	IPR005958	GO:0030170
Q6K2Y8	IPR015421	GO:0003824
Q6K2Y8	IPR015422	GO:0003824
Q6K2Z2	IPR003676	GO:0009733
Q6K4B1	IPR011598	GO:0046983
Q6K613	IPR003676	GO:0009733
Q6K7V4	IPR011598	GO:0046983
Q6K8Y4	IPR011598	GO:0046983
Q6L4Y3	IPR005123	GO:0016491
Q6L4Y3	IPR005123	GO:0055114
Q6L8G2	IPR013112	GO:0016491
Q6L8G2	IPR013112	GO:0055114
Q6L8G2	IPR013121	GO:0016491
Q6L8G2	IPR013121	GO:0055114
Q6L8G2	IPR017927	GO:0016491
Q6L8G2	IPR017927	GO:0055114
Q6L8G3	IPR013112	GO:0016491
Q6L8G3	IPR013112	GO:0055114
Q6L8G3	IPR013121	GO:0016491
Q6L8G3	IPR013121	GO:0055114
Q6L8G3	IPR017927	GO:0016491
Q6L8G3	IPR017927	GO:0055114
Q6L8G3	IPR017938	GO:0016491
Q6L8G3	IPR017938	GO:0055114
Q6T804	IPR009057	GO:0003677
Q6VQR2	IPR000504	GO:0003676
Q6VQR2	IPR001202	GO:0005515
Q6VQR2	IPR002343	GO:0003723
Q6VVA4	IPR001986	GO:0016765
Q6VVA4	IPR006264	GO:0003866
Q6VVA4	IPR006264	GO:0009073
Q6VVA4	IPR013792	GO:0003824
Q6W5F4	IPR000504	GO:0003676
Q6W5F4	IPR002343	GO:0003723
Q6W5F5	IPR000504	GO:0003676
Q6W5F5	IPR001202	GO:0005515
Q6W5F5	IPR002343	GO:0003723
Q6YTU1	IPR011598	GO:0046983
Q6YW12	IPR006721	GO:0000275
Q6YW12	IPR006721	GO:0015986
Q6YW12	IPR006721	GO:0046933
Q6YW41	IPR011598	GO:0046983
Q6YXW4	IPR003676	GO:0009733
Q6YYG5	IPR011598	GO:0046983
Q6YYG9	IPR002912	GO:0008152
Q6YYG9	IPR002912	GO:0016597
Q6YYG9	IPR011598	GO:0046983
Q6YZG3	IPR003676	GO:0009733
Q6Z1F9	IPR011598	GO:0046983
Q6Z2G7	IPR011598	GO:0046983
Q6Z339	IPR011598	GO:0046983
Q6Z3I0	IPR003676	GO:0009733
Q6Z5C5	IPR003780	GO:0006784
Q6Z5C5	IPR003780	GO:0016021
Q6Z5C5	IPR003780	GO:0016627
Q6Z5C5	IPR003780	GO:0055114
Q6Z5C5	IPR023754	GO:0006784
Q6Z5C5	IPR023754	GO:0016020
Q6Z5C5	IPR023754	GO:0016627
Q6Z5C5	IPR023754	GO:0055114
Q6Z7E7	IPR011598	GO:0046983
Q6Z861	IPR011598	GO:0046983
Q6Z9R3	IPR011598	GO:0046983
Q6ZA99	IPR011598	GO:0046983
Q6ZBI4	IPR011598	GO:0046983
Q6ZBQ2	IPR011598	GO:0046983
Q6ZCV8	IPR011598	GO:0046983
Q6ZFY4	IPR011598	GO:0046983
Q6ZGJ3	IPR003676	GO:0009733
Q6ZGM4	IPR011598	GO:0046983
Q6ZGS3	IPR011598	GO:0046983
Q6ZJ49	IPR003676	GO:0009733
Q6ZJ50	IPR003676	GO:0009733
Q6ZJC8	IPR011598	GO:0046983
Q6ZKI8	IPR011598	GO:0046983
Q6ZKQ7	IPR003676	GO:0009733
Q71U33	IPR003372	GO:0009523
Q71U33	IPR003372	GO:0009539
Q71U33	IPR003372	GO:0015979
Q71U33	IPR003372	GO:0016020
Q75GI1	IPR011598	GO:0046983
Q75GP5	IPR003676	GO:0009733
Q75GP8	IPR003676	GO:0009733
Q75GQ0	IPR003676	GO:0009733
Q75GQ1	IPR003676	GO:0009733
Q75H21	IPR011598	GO:0046983
Q75IG3	IPR011598	GO:0046983
Q75IR0	IPR002912	GO:0008152
Q75IR0	IPR002912	GO:0016597
Q75IR0	IPR011598	GO:0046983
Q75KP4	IPR011598	GO:0046983
Q75M33	IPR011598	GO:0046983
Q7EAG4	IPR010995	GO:0000166
Q7EAG4	IPR011940	GO:0003677
Q7EAG4	IPR011940	GO:0005524
Q7EAG4	IPR011940	GO:0005634
Q7EAG4	IPR011940	GO:0007131
Q7EAG4	IPR011940	GO:0008094
Q7EAG4	IPR020587	GO:0003677
Q7EAG4	IPR020587	GO:0005524
Q7EAG4	IPR020587	GO:0006259
Q7EAG4	IPR020587	GO:0008094
Q7EAG4	IPR020588	GO:0003677
Q7EAG4	IPR020588	GO:0005524
Q7EAG4	IPR020588	GO:0006281
Q7EAG4	IPR020588	GO:0008094
Q7EAG4	IPR033925	GO:0003677
Q7F7Z2	IPR011598	GO:0046983
Q7FA23	IPR011598	GO:0046983
Q8RU25	IPR000131	GO:0015986
Q8RU25	IPR000131	GO:0045261
Q8RU25	IPR000131	GO:0046933
Q7GBF7	IPR010995	GO:0000166
Q7GBF7	IPR011940	GO:0003677
Q7GBF7	IPR011940	GO:0005524
Q7GBF7	IPR011940	GO:0005634
Q7GBF7	IPR011940	GO:0007131
Q7GBF7	IPR011940	GO:0008094
Q7GBF7	IPR020587	GO:0003677
Q7GBF7	IPR020587	GO:0005524
Q7GBF7	IPR020587	GO:0006259
Q7GBF7	IPR020587	GO:0008094
Q7GBF7	IPR020588	GO:0003677
Q7GBF7	IPR020588	GO:0005524
Q7GBF7	IPR020588	GO:0006281
Q7GBF7	IPR020588	GO:0008094
Q7GBF7	IPR033925	GO:0003677
Q7GBF8	IPR010995	GO:0000166
Q7GBF8	IPR011940	GO:0003677
Q7GBF8	IPR011940	GO:0005524
Q7GBF8	IPR011940	GO:0005634
Q7GBF8	IPR011940	GO:0007131
Q7GBF8	IPR011940	GO:0008094
Q7GBF8	IPR020587	GO:0003677
Q7GBF8	IPR020587	GO:0005524
Q7GBF8	IPR020587	GO:0006259
Q7GBF8	IPR020587	GO:0008094
Q7GBF8	IPR020588	GO:0003677
Q7GBF8	IPR020588	GO:0005524
Q7GBF8	IPR020588	GO:0006281
Q7GBF8	IPR020588	GO:0008094
Q7GBF8	IPR033925	GO:0003677
Q7GHI8	IPR000440	GO:0008137
Q7GHI8	IPR000440	GO:0055114
Q7GIL5	IPR010934	GO:0008137
Q7GIL5	IPR010934	GO:0042773
Q7GIL5	IPR010934	GO:0055114
Q7JAI4	IPR001268	GO:0008137
Q7JAI4	IPR001268	GO:0055114
Q7JAI4	IPR010218	GO:0016651
Q7JAI4	IPR010218	GO:0055114
Q7JAI4	IPR020396	GO:0016651
Q7JAI4	IPR020396	GO:0055114
Q7JAI6	IPR000883	GO:0004129
Q7JAI6	IPR000883	GO:0005506
Q7JAI6	IPR000883	GO:0009055
Q7JAI6	IPR000883	GO:0009060
Q7JAI6	IPR000883	GO:0016021
Q7JAI6	IPR000883	GO:0020037
Q7JAI6	IPR000883	GO:0055114
Q7JAI6	IPR014241	GO:0004129
Q7JAI6	IPR014241	GO:0005507
Q7JAI6	IPR014241	GO:0005886
Q7JAI6	IPR014241	GO:0006810
Q7JAI6	IPR014241	GO:0022900
Q7JAI6	IPR014241	GO:0055114
Q7JAI6	IPR023615	GO:0004129
Q7JAI6	IPR023615	GO:0055114
Q7JAI6	IPR023616	GO:0004129
Q7JAI6	IPR023616	GO:0055114
Q7JAI6	IPR033944	GO:0045277
Q7JAI8	IPR005679	GO:0003735
Q7JAI8	IPR005679	GO:0006412
Q7JAI8	IPR005679	GO:0015935
Q7JAI8	IPR006032	GO:0003735
Q7JAI8	IPR006032	GO:0005622
Q7JAI8	IPR006032	GO:0005840
Q7JAI8	IPR006032	GO:0006412
Q7JAJ0	IPR001351	GO:0003735
Q7JAJ0	IPR001351	GO:0005840
Q7JAJ0	IPR001351	GO:0006412
Q7JAJ0	IPR009019	GO:0003723
Q7X7G3	IPR003676	GO:0009733
Q7X7U7	IPR011598	GO:0046983
Q7X9F3	IPR011531	GO:0006820
Q7X9F3	IPR011531	GO:0016021
Q7XDI3	IPR006694	GO:0005506
Q7XDI3	IPR006694	GO:0008610
Q7XDI3	IPR006694	GO:0016491
Q7XDI3	IPR006694	GO:0055114
Q7XEJ4	IPR017395	GO:0015996
Q7XEJ4	IPR017395	GO:0047746
Q7XI92	IPR000092	GO:0008299
Q7XIV4	IPR002241	GO:0004553
Q7XIV4	IPR002241	GO:0005975
Q7XIV4	IPR013785	GO:0003824
Q7XKP5	IPR011598	GO:0046983
Q0JDZ1	IPR011598	GO:0046983
Q7XLY9	IPR011598	GO:0046983
Q7XM22	IPR003676	GO:0009733
Q7XM23	IPR003676	GO:0009733
Q7XMI8	IPR011284	GO:0004316
Q7XMI8	IPR011284	GO:0006633
Q7XMI8	IPR011284	GO:0051287
Q7XMI8	IPR011284	GO:0055114
Q7XMI8	IPR020904	GO:0016491
Q7XNZ8	IPR013087	GO:0003676
Q7XPF1	IPR003676	GO:0009733
Q7XPS7	IPR011598	GO:0046983
Q7XQJ2	IPR011598	GO:0046983
Q7XT55	IPR011598	GO:0046983
Q7XT88	IPR011598	GO:0046983
Q7XTN9	IPR003676	GO:0009733
Q7XUW2	IPR013112	GO:0016491
Q7XUW2	IPR013112	GO:0055114
Q7XUW2	IPR013121	GO:0016491
Q7XUW2	IPR013121	GO:0055114
Q7XUW2	IPR017927	GO:0016491
Q7XUW2	IPR017927	GO:0055114
Q7XUW2	IPR017938	GO:0016491
Q7XUW2	IPR017938	GO:0055114
Q7XVB7	IPR011598	GO:0046983
Q7XXT0	IPR000943	GO:0003677
Q7XXT0	IPR000943	GO:0003700
Q7XXT0	IPR000943	GO:0006352
Q7XXT0	IPR000943	GO:0006355
Q7XXT0	IPR000943	GO:0016987
Q7XXT0	IPR007624	GO:0003677
Q7XXT0	IPR007624	GO:0003700
Q7XXT0	IPR007624	GO:0006352
Q7XXT0	IPR007624	GO:0006355
Q7XXT0	IPR007624	GO:0016987
Q7XXT0	IPR007627	GO:0003677
Q7XXT0	IPR007627	GO:0003700
Q7XXT0	IPR007627	GO:0006352
Q7XXT0	IPR007627	GO:0006355
Q7XXT0	IPR007627	GO:0016987
Q7XXT0	IPR007630	GO:0003677
Q7XXT0	IPR007630	GO:0003700
Q7XXT0	IPR007630	GO:0006352
Q7XXT0	IPR007630	GO:0006355
Q7XXT0	IPR007630	GO:0016987
Q7XXT0	IPR013324	GO:0003677
Q7XXT0	IPR013324	GO:0003700
Q7XXT0	IPR013324	GO:0006352
Q7XXT0	IPR013324	GO:0006355
Q7XXT0	IPR013324	GO:0016987
Q7XXT0	IPR013325	GO:0003677
Q7XXT0	IPR013325	GO:0003700
Q7XXT0	IPR013325	GO:0006352
Q7XXT0	IPR013325	GO:0006355
Q7XXT0	IPR013325	GO:0016987
Q7XXT0	IPR014284	GO:0003677
Q7XXT0	IPR014284	GO:0003700
Q7XXT0	IPR014284	GO:0006352
Q7XXT0	IPR014284	GO:0006355
Q7XXT0	IPR014284	GO:0016987
Q7XZF8	IPR011598	GO:0046983
Q7XZR6	IPR007235	GO:0016758
Q7XZR6	IPR009695	GO:0009247
Q7XZR6	IPR009695	GO:0016758
Q7Y1H4	IPR011598	GO:0046983
Q84JN3	IPR000943	GO:0003677
Q84JN3	IPR000943	GO:0003700
Q84JN3	IPR000943	GO:0006352
Q84JN3	IPR000943	GO:0006355
Q84JN3	IPR000943	GO:0016987
Q84JN3	IPR007624	GO:0003677
Q84JN3	IPR007624	GO:0003700
Q84JN3	IPR007624	GO:0006352
Q84JN3	IPR007624	GO:0006355
Q84JN3	IPR007624	GO:0016987
Q84JN3	IPR007627	GO:0003677
Q84JN3	IPR007627	GO:0003700
Q84JN3	IPR007627	GO:0006352
Q84JN3	IPR007627	GO:0006355
Q84JN3	IPR007627	GO:0016987
Q84JN3	IPR007630	GO:0003677
Q84JN3	IPR007630	GO:0003700
Q84JN3	IPR007630	GO:0006352
Q84JN3	IPR007630	GO:0006355
Q84JN3	IPR007630	GO:0016987
Q84JN3	IPR013324	GO:0003677
Q84JN3	IPR013324	GO:0003700
Q84JN3	IPR013324	GO:0006352
Q84JN3	IPR013324	GO:0006355
Q84JN3	IPR013324	GO:0016987
Q84JN3	IPR013325	GO:0003677
Q84JN3	IPR013325	GO:0003700
Q84JN3	IPR013325	GO:0006352
Q84JN3	IPR013325	GO:0006355
Q84JN3	IPR013325	GO:0016987
Q84JN3	IPR014284	GO:0003677
Q84JN3	IPR014284	GO:0003700
Q84JN3	IPR014284	GO:0006352
Q84JN3	IPR014284	GO:0006355
Q84JN3	IPR014284	GO:0016987
Q84LF9	IPR011598	GO:0046983
Q84LH4	IPR011598	GO:0046983
Q84M34	IPR003197	GO:0005750
Q84M34	IPR003197	GO:0006122
Q84Q36	IPR002241	GO:0004553
Q84Q36	IPR002241	GO:0005975
Q84Q36	IPR013785	GO:0003824
Q84Q84	IPR000943	GO:0003677
Q84Q84	IPR000943	GO:0003700
Q84Q84	IPR000943	GO:0006352
Q84Q84	IPR000943	GO:0006355
Q84Q84	IPR000943	GO:0016987
Q84Q84	IPR007624	GO:0003677
Q84Q84	IPR007624	GO:0003700
Q84Q84	IPR007624	GO:0006352
Q84Q84	IPR007624	GO:0006355
Q84Q84	IPR007624	GO:0016987
Q84Q84	IPR007627	GO:0003677
Q84Q84	IPR007627	GO:0003700
Q84Q84	IPR007627	GO:0006352
Q84Q84	IPR007627	GO:0006355
Q84Q84	IPR007627	GO:0016987
Q84Q84	IPR007630	GO:0003677
Q84Q84	IPR007630	GO:0003700
Q84Q84	IPR007630	GO:0006352
Q84Q84	IPR007630	GO:0006355
Q84Q84	IPR007630	GO:0016987
Q84Q84	IPR013324	GO:0003677
Q84Q84	IPR013324	GO:0003700
Q84Q84	IPR013324	GO:0006352
Q84Q84	IPR013324	GO:0006355
Q84Q84	IPR013324	GO:0016987
Q84Q84	IPR013325	GO:0003677
Q84Q84	IPR013325	GO:0003700
Q84Q84	IPR013325	GO:0006352
Q84Q84	IPR013325	GO:0006355
Q84Q84	IPR013325	GO:0016987
Q84Q84	IPR014284	GO:0003677
Q84Q84	IPR014284	GO:0003700
Q84Q84	IPR014284	GO:0006352
Q84Q84	IPR014284	GO:0006355
Q84Q84	IPR014284	GO:0016987
Q84QW1	IPR011598	GO:0046983
Q84R60	IPR011598	GO:0046983
Q84R79	IPR011598	GO:0046983
Q84UB1	IPR002182	GO:0043531
Q8GRJ1	IPR011598	GO:0046983
Q8GTK7	IPR001469	GO:0015986
Q8GTK7	IPR001469	GO:0045261
Q8GTK7	IPR001469	GO:0046933
Q8GTK7	IPR020546	GO:0015986
Q8GVZ0	IPR000086	GO:0016787
Q8GVZ0	IPR011876	GO:0004452
Q8GVZ0	IPR011876	GO:0008299
Q8GVZ0	IPR015797	GO:0016787
Q8GZV6	IPR000626	GO:0005515
Q8GZV6	IPR001810	GO:0005515
Q8GZV6	IPR011598	GO:0046983
Q8H443	IPR001471	GO:0003700
Q8H443	IPR001471	GO:0006355
Q8H443	IPR016177	GO:0003677
Q8H7N8	IPR011598	GO:0046983
Q8H8E4	IPR011598	GO:0046983
Q8H8H9	IPR011598	GO:0046983
Q8HCM1	IPR010096	GO:0008137
Q8HCM1	IPR010096	GO:0042773
Q8HCM1	IPR010096	GO:0055114
Q8HCM3	IPR003544	GO:0015232
Q8HCM3	IPR003544	GO:0015886
Q8HCM3	IPR003544	GO:0016020
Q8HCM3	IPR003544	GO:0017004
Q8HCM6	IPR002132	GO:0003735
Q8HCM6	IPR002132	GO:0005840
Q8HCM6	IPR002132	GO:0006412
Q8HCN0	IPR002541	GO:0017004
Q8HCN0	IPR002541	GO:0020037
Q8HCN0	IPR003567	GO:0015232
Q8HCN0	IPR003567	GO:0015886
Q8HCN0	IPR003567	GO:0016020
Q8HCN0	IPR003567	GO:0017004
Q8HCN0	IPR003569	GO:0015232
Q8HCN0	IPR003569	GO:0015886
Q8HCN0	IPR003569	GO:0016020
Q8HCN0	IPR003569	GO:0017004
Q8HCN2	IPR024937	GO:0006397
Q8HCN3	IPR005797	GO:0009055
Q8HCN3	IPR005797	GO:0016020
Q8HCN3	IPR005797	GO:0016491
Q8HCN3	IPR005798	GO:0009055
Q8HCN3	IPR005798	GO:0016020
Q8HCN3	IPR005798	GO:0016491
Q8HCN3	IPR016174	GO:0016020
Q8HCN3	IPR016174	GO:0022904
Q8HCN3	IPR030689	GO:0006122
Q8HCN3	IPR030689	GO:0008121
Q8HCN3	IPR030689	GO:0009055
Q8HCN3	IPR030689	GO:0045275
Q8HCN4	IPR003440	GO:0000148
Q8HCN4	IPR003440	GO:0003843
Q8HCN4	IPR003440	GO:0006075
Q8HCN4	IPR003440	GO:0016020
Q8HCN5	IPR001133	GO:0016651
Q8HCN5	IPR001133	GO:0042773
Q8HCN5	IPR001133	GO:0055114
Q8HCN9	IPR002942	GO:0003723
Q8HCP0	IPR001892	GO:0003723
Q8HCP0	IPR001892	GO:0003735
Q8HCP0	IPR001892	GO:0005622
Q8HCP0	IPR001892	GO:0005840
Q8HCP0	IPR001892	GO:0006412
Q8HCP0	IPR010979	GO:0003676
Q8HCP0	IPR018269	GO:0003723
Q8HCP0	IPR018269	GO:0003735
Q8HCP0	IPR018269	GO:0005840
Q8HCP0	IPR018269	GO:0006412
Q8HCP2	IPR000568	GO:0015078
Q8HCP2	IPR000568	GO:0015986
Q8HCP2	IPR000568	GO:0045263
Q8HCP6	IPR002429	GO:0004129
Q8HCP6	IPR002429	GO:0005507
Q8HCP6	IPR002429	GO:0016020
Q8HCP6	IPR011759	GO:0016021
Q8HCP6	IPR011759	GO:0022900
Q8HCP6	IPR014222	GO:0016021
Q8HCP6	IPR014222	GO:0016491
Q8HCP7	IPR003918	GO:0008137
Q8HCP7	IPR003918	GO:0042773
Q8HCP7	IPR003918	GO:0055114
Q8HCP7	IPR010227	GO:0008137
Q8HCP7	IPR010227	GO:0042773
Q8HCP7	IPR010227	GO:0055114
Q8HCP8	IPR001865	GO:0003735
Q8HCP8	IPR001865	GO:0005622
Q8HCP8	IPR001865	GO:0005840
Q8HCP8	IPR001865	GO:0006412
Q8HCQ0	IPR000440	GO:0008137
Q8HCQ0	IPR000440	GO:0055114
Q8HCQ0	IPR023043	GO:0016651
Q8HCQ0	IPR023043	GO:0055114
Q8HCQ3	IPR001135	GO:0016651
Q8HCQ3	IPR001135	GO:0048038
Q8HCQ3	IPR001135	GO:0051287
Q8HCQ3	IPR001135	GO:0055114
Q8HCQ3	IPR014029	GO:0016651
Q8HCQ3	IPR014029	GO:0055114
Q8HCQ3	IPR022885	GO:0016651
Q8HCQ3	IPR022885	GO:0055114
Q8HCQ4	IPR002033	GO:0016021
Q8HCQ5	IPR001694	GO:0016020
Q8HCQ5	IPR001694	GO:0055114
Q8HCQ6	IPR002541	GO:0017004
Q8HCQ6	IPR002541	GO:0020037
Q8HCQ6	IPR003557	GO:0015232
Q8HCQ6	IPR003557	GO:0015886
Q8HCQ6	IPR003557	GO:0016020
Q8HCQ6	IPR003557	GO:0017004
Q8HCQ7	IPR001457	GO:0008137
Q8HCQ7	IPR001457	GO:0055114
Q8HCQ9	IPR009455	GO:0005739
Q8HCQ9	IPR009455	GO:0016021
Q8HCQ9	IPR009455	GO:0016820
Q8HCR2	IPR000235	GO:0006412
Q8HCR2	IPR005717	GO:0003735
Q8HCR2	IPR005717	GO:0006412
Q8HCR2	IPR005717	GO:0015935
Q8HCR2	IPR034643	GO:0003735
Q8HCR2	IPR034643	GO:0005763
Q8HCR2	IPR034643	GO:0006412
Q8HCR2	IPR034643	GO:0019843
Q8HCR3	IPR003945	GO:0008137
Q8HCR3	IPR003945	GO:0042773
Q8HCR3	IPR003945	GO:0055114
Q8HCR3	IPR010934	GO:0008137
Q8HCR3	IPR010934	GO:0042773
Q8HCR3	IPR010934	GO:0055114
Q8HCR3	IPR018393	GO:0008137
Q8HCR3	IPR018393	GO:0042773
Q8HCR3	IPR018393	GO:0055114
Q8HCR5	IPR008688	GO:0000276
Q8HCR5	IPR008688	GO:0015078
Q8HCR5	IPR008688	GO:0015986
Q8HCR6	IPR000298	GO:0015002
Q8HCR6	IPR000298	GO:0016020
Q8HCR6	IPR013833	GO:0004129
Q8HCR6	IPR013833	GO:0016020
Q8HCR6	IPR013833	GO:0022904
Q8HCR7	IPR001694	GO:0016020
Q8HCR7	IPR001694	GO:0055114
Q8HCR7	IPR018086	GO:0016020
Q8HCR7	IPR018086	GO:0055114
Q8L4Y9	IPR011598	GO:0046983
Q8L5H6	IPR011249	GO:0003824
Q8L5H6	IPR011249	GO:0046872
Q8L809	IPR010995	GO:0000166
Q8L809	IPR011940	GO:0003677
Q8L809	IPR011940	GO:0005524
Q8L809	IPR011940	GO:0005634
Q8L809	IPR011940	GO:0007131
Q8L809	IPR011940	GO:0008094
Q8L809	IPR020587	GO:0003677
Q8L809	IPR020587	GO:0005524
Q8L809	IPR020587	GO:0006259
Q8L809	IPR020587	GO:0008094
Q8L809	IPR020588	GO:0003677
Q8L809	IPR020588	GO:0005524
Q8L809	IPR020588	GO:0006281
Q8L809	IPR020588	GO:0008094
Q8L809	IPR033925	GO:0003677
Q8L810	IPR010995	GO:0000166
Q8L810	IPR011940	GO:0003677
Q8L810	IPR011940	GO:0005524
Q8L810	IPR011940	GO:0005634
Q8L810	IPR011940	GO:0007131
Q8L810	IPR011940	GO:0008094
Q8L810	IPR020587	GO:0003677
Q8L810	IPR020587	GO:0005524
Q8L810	IPR020587	GO:0006259
Q8L810	IPR020587	GO:0008094
Q8L810	IPR020588	GO:0003677
Q8L810	IPR020588	GO:0005524
Q8L810	IPR020588	GO:0006281
Q8L810	IPR020588	GO:0008094
Q8L810	IPR033925	GO:0003677
Q8LII5	IPR011598	GO:0046983
Q8LSP3	IPR011598	GO:0046983
Q8S0C6	IPR011598	GO:0046983
Q8S0N2	IPR011598	GO:0046983
Q8S490	IPR011598	GO:0046983
Q8VWY5	IPR010995	GO:0000166
Q8VWY5	IPR011940	GO:0003677
Q8VWY5	IPR011940	GO:0005524
Q8VWY5	IPR011940	GO:0005634
Q8VWY5	IPR011940	GO:0007131
Q8VWY5	IPR011940	GO:0008094
Q8VWY5	IPR020587	GO:0003677
Q8VWY5	IPR020587	GO:0005524
Q8VWY5	IPR020587	GO:0006259
Q8VWY5	IPR020587	GO:0008094
Q8VWY5	IPR020588	GO:0003677
Q8VWY5	IPR020588	GO:0005524
Q8VWY5	IPR020588	GO:0006281
Q8VWY5	IPR020588	GO:0008094
Q8VWY5	IPR033925	GO:0003677
Q8W162	IPR000845	GO:0003824
Q8W162	IPR000845	GO:0009116
Q8W2E5	IPR010995	GO:0000166
Q8W2E5	IPR011940	GO:0003677
Q8W2E5	IPR011940	GO:0005524
Q8W2E5	IPR011940	GO:0005634
Q8W2E5	IPR011940	GO:0007131
Q8W2E5	IPR011940	GO:0008094
Q8W2E5	IPR020587	GO:0003677
Q8W2E5	IPR020587	GO:0005524
Q8W2E5	IPR020587	GO:0006259
Q8W2E5	IPR020587	GO:0008094
Q8W2E5	IPR020588	GO:0003677
Q8W2E5	IPR020588	GO:0005524
Q8W2E5	IPR020588	GO:0006281
Q8W2E5	IPR020588	GO:0008094
Q8W2E5	IPR033925	GO:0003677
Q8W2E6	IPR010995	GO:0000166
Q8W2E6	IPR011940	GO:0003677
Q8W2E6	IPR011940	GO:0005524
Q8W2E6	IPR011940	GO:0005634
Q8W2E6	IPR011940	GO:0007131
Q8W2E6	IPR011940	GO:0008094
Q8W2E6	IPR020587	GO:0003677
Q8W2E6	IPR020587	GO:0005524
Q8W2E6	IPR020587	GO:0006259
Q8W2E6	IPR020587	GO:0008094
Q8W2E6	IPR020588	GO:0003677
Q8W2E6	IPR020588	GO:0005524
Q8W2E6	IPR020588	GO:0006281
Q8W2E6	IPR020588	GO:0008094
Q8W2E6	IPR033925	GO:0003677
Q10KL8	IPR011598	GO:0046983
Q8W3F7	IPR003107	GO:0006396
Q8W3F7	IPR010491	GO:0000398
Q8W3F7	IPR010491	GO:0005634
Q8W3F7	IPR011990	GO:0005515
Q8W3F7	IPR013026	GO:0005515
Q8W3F7	IPR019734	GO:0005515
Q8W5G3	IPR011598	GO:0046983
Q93VK6	IPR001986	GO:0016765
Q93VK6	IPR006264	GO:0003866
Q93VK6	IPR006264	GO:0009073
Q93VK6	IPR013792	GO:0003824
Q942X6	IPR002326	GO:0009055
Q942X6	IPR002326	GO:0020037
Q942X6	IPR009056	GO:0009055
Q942X6	IPR009056	GO:0020037
Q947Y2	IPR013626	GO:0010277
Q947Y2	IPR013626	GO:0055114
Q947Y2	IPR017941	GO:0016491
Q947Y2	IPR017941	GO:0051537
Q947Y2	IPR017941	GO:0055114
Q948F6	IPR011598	GO:0046983
Q948Y2	IPR011598	GO:0046983
Q94HA7	IPR011598	GO:0046983
Q94JD1	IPR003676	GO:0009733
Q94LR3	IPR011598	GO:0046983
Q94RD3	IPR001133	GO:0016651
Q94RD3	IPR001133	GO:0042773
Q94RD3	IPR001133	GO:0055114
Q9ARH9	IPR005835	GO:0009058
Q9ARH9	IPR005835	GO:0016779
Q9ARH9	IPR005836	GO:0005978
Q9ARH9	IPR005836	GO:0008878
Q9ARH9	IPR011831	GO:0005978
Q9ARH9	IPR011831	GO:0008878
Q9ASJ3	IPR011598	GO:0046983
Q9AWX3	IPR001810	GO:0005515
Q9AY26	IPR002182	GO:0043531
Q9FE92	IPR000315	GO:0005622
Q9FE92	IPR000315	GO:0008270
Q9FE92	IPR010402	GO:0005515
Q9FRZ6	IPR000315	GO:0005622
Q9FRZ6	IPR000315	GO:0008270
Q9FRZ7	IPR000315	GO:0005622
Q9FRZ7	IPR000315	GO:0008270
Q9FTQ1	IPR011598	GO:0046983
Q9FU53	IPR005123	GO:0016491
Q9FU53	IPR005123	GO:0055114
Q9LHZ0	IPR000845	GO:0003824
Q9LHZ0	IPR000845	GO:0009116
Q9MV26	IPR002866	GO:0006397
Q9MV26	IPR002866	GO:0009507
Q9MV26	IPR024937	GO:0006397
Q9MV45	IPR002866	GO:0006397
Q9MV45	IPR002866	GO:0009507
Q9MV45	IPR024937	GO:0006397
Q9SAQ4	IPR005835	GO:0009058
Q9SAQ4	IPR005835	GO:0016779
Q9SE04	IPR006121	GO:0030001
Q9SE04	IPR006121	GO:0046872
Q9SXV0	IPR003213	GO:0004129
Q9SXV0	IPR003213	GO:0005739
Q9TGM0	IPR002132	GO:0003735
Q9TGM0	IPR002132	GO:0005840
Q9TGM0	IPR002132	GO:0006412
Q9TJS6	IPR002123	GO:0008152
Q9TJS6	IPR002123	GO:0016746
Q9TJS7	IPR002123	GO:0008152
Q9TJS7	IPR002123	GO:0016746
Q9XQR1	IPR002123	GO:0008152
Q9XQR1	IPR002123	GO:0016746
